{"BLEU Score": 4.368583925857938, "Normalized BLEU Score": 0.04368583925857938, "chrF Score": 26.297118175133498, "CHRF++ Score": 22.235456788280068}