{
  "predictionguard/english-hindi-marathi-konkani-corpus_train": {
    "dataset": "predictionguard/english-hindi-marathi-konkani-corpus",
    "split": "train",
    "language_columns": [
      "eng",
      "hin",
      "mar",
      "gom"
    ],
    "similarities": {
      "eng_vs_hin": {
        "mean": 0.01423855184714642,
        "std": 0.02196212149013559,
        "count": 819,
        "min": 0.0,
        "max": 0.17647058823529413
      },
      "eng_vs_mar": {
        "mean": 0.005237555444096058,
        "std": 0.004982970321229505,
        "count": 819,
        "min": 0.0,
        "max": 0.034013605442176874
      },
      "eng_vs_gom": {
        "mean": 0.014975706935558051,
        "std": 0.022885168155816128,
        "count": 819,
        "min": 0.0,
        "max": 0.22448979591836735
      },
      "hin_vs_mar": {
        "mean": 0.27786048534833857,
        "std": 0.07810841978688927,
        "count": 819,
        "min": 0.025,
        "max": 0.5977011494252874
      },
      "hin_vs_gom": {
        "mean": 0.26612238471923455,
        "std": 0.08233073991575758,
        "count": 819,
        "min": 0.01818181818181818,
        "max": 0.7125984251968503
      },
      "mar_vs_gom": {
        "mean": 0.3260386476415827,
        "std": 0.08325439960942853,
        "count": 819,
        "min": 0.0625,
        "max": 0.6778523489932886
      }
    }
  },
  "predictionguard/english-hindi-marathi-konkani-corpus_test": {
    "dataset": "predictionguard/english-hindi-marathi-konkani-corpus",
    "split": "test",
    "language_columns": [
      "eng",
      "hin",
      "mar",
      "gom"
    ],
    "similarities": {
      "eng_vs_hin": {
        "mean": 0.016086868056030563,
        "std": 0.02039719683898976,
        "count": 205,
        "min": 0.0,
        "max": 0.12931034482758622
      },
      "eng_vs_mar": {
        "mean": 0.005490729435099127,
        "std": 0.004928042276560779,
        "count": 205,
        "min": 0.0,
        "max": 0.024193548387096774
      },
      "eng_vs_gom": {
        "mean": 0.016344887231499197,
        "std": 0.020306503949186202,
        "count": 205,
        "min": 0.0,
        "max": 0.13063063063063063
      },
      "hin_vs_mar": {
        "mean": 0.28487705874137503,
        "std": 0.081342695364732,
        "count": 205,
        "min": 0.06666666666666667,
        "max": 0.6341463414634146
      },
      "hin_vs_gom": {
        "mean": 0.2733024256671567,
        "std": 0.086510315494831,
        "count": 205,
        "min": 0.08823529411764706,
        "max": 0.6948051948051948
      },
      "mar_vs_gom": {
        "mean": 0.33561024575139553,
        "std": 0.08651937937867592,
        "count": 205,
        "min": 0.11842105263157894,
        "max": 0.7094594594594594
      }
    }
  },
  "predictionguard/arabic_acl_corpus_train": {
    "dataset": "predictionguard/arabic_acl_corpus",
    "split": "train",
    "language_columns": [
      "eg_text",
      "en_text",
      "jo_text",
      "msa_text",
      "pa_text",
      "sy_text",
      "tn_text"
    ],
    "similarities": {
      "eg_text_vs_en_text": {
        "mean": 0.0012533868850038957,
        "std": 0.008696693062185725,
        "count": 900,
        "min": 0.0,
        "max": 0.2
      },
      "eg_text_vs_jo_text": {
        "mean": 0.5063532748132569,
        "std": 0.18474444350985403,
        "count": 898,
        "min": 0.0,
        "max": 1.0
      },
      "eg_text_vs_msa_text": {
        "mean": 0.43917593785949016,
        "std": 0.23641548123140343,
        "count": 900,
        "min": 0.0,
        "max": 1.0
      },
      "eg_text_vs_pa_text": {
        "mean": 0.5212325542105007,
        "std": 0.2089003105299859,
        "count": 884,
        "min": 0.0,
        "max": 1.0
      },
      "eg_text_vs_sy_text": {
        "mean": 0.5519778365502562,
        "std": 0.17611836318027366,
        "count": 900,
        "min": 0.0,
        "max": 1.0
      },
      "eg_text_vs_tn_text": {
        "mean": 0.4406032020675236,
        "std": 0.2143844164578183,
        "count": 900,
        "min": 0.0,
        "max": 1.0
      },
      "en_text_vs_jo_text": {
        "mean": 0.0016595032708182557,
        "std": 0.008560560402152641,
        "count": 898,
        "min": 0.0,
        "max": 0.1927710843373494
      },
      "en_text_vs_msa_text": {
        "mean": 0.0011205874488263027,
        "std": 0.008184959917713092,
        "count": 900,
        "min": 0.0,
        "max": 0.1951219512195122
      },
      "en_text_vs_pa_text": {
        "mean": 0.0014305492369417873,
        "std": 0.008731758001846227,
        "count": 884,
        "min": 0.0,
        "max": 0.1927710843373494
      },
      "en_text_vs_sy_text": {
        "mean": 0.0012207216861290608,
        "std": 0.008073028762126873,
        "count": 900,
        "min": 0.0,
        "max": 0.18604651162790697
      },
      "en_text_vs_tn_text": {
        "mean": 0.0008535381791797034,
        "std": 0.008161826891823392,
        "count": 900,
        "min": 0.0,
        "max": 0.2
      },
      "jo_text_vs_msa_text": {
        "mean": 0.34186465953956474,
        "std": 0.1697890088943114,
        "count": 898,
        "min": 0.0,
        "max": 1.0
      },
      "jo_text_vs_pa_text": {
        "mean": 0.5144525007562644,
        "std": 0.19146819007692295,
        "count": 882,
        "min": 0.0,
        "max": 1.0
      },
      "jo_text_vs_sy_text": {
        "mean": 0.5347552940448533,
        "std": 0.17724750014863633,
        "count": 898,
        "min": 0.0,
        "max": 1.0
      },
      "jo_text_vs_tn_text": {
        "mean": 0.40767937465541315,
        "std": 0.18777549862182374,
        "count": 898,
        "min": 0.0,
        "max": 1.0
      },
      "msa_text_vs_pa_text": {
        "mean": 0.34612581882052845,
        "std": 0.1848295670275543,
        "count": 884,
        "min": 0.0,
        "max": 1.0
      },
      "msa_text_vs_sy_text": {
        "mean": 0.3608653239939762,
        "std": 0.17274226624193253,
        "count": 900,
        "min": 0.0,
        "max": 1.0
      },
      "msa_text_vs_tn_text": {
        "mean": 0.3187150570168583,
        "std": 0.18663845033814155,
        "count": 900,
        "min": 0.0,
        "max": 1.0
      },
      "pa_text_vs_sy_text": {
        "mean": 0.4865637481631722,
        "std": 0.1758517409541304,
        "count": 884,
        "min": 0.0,
        "max": 1.0
      },
      "pa_text_vs_tn_text": {
        "mean": 0.38381026209132313,
        "std": 0.18624428005389027,
        "count": 884,
        "min": 0.0,
        "max": 1.0
      },
      "sy_text_vs_tn_text": {
        "mean": 0.39668509456369433,
        "std": 0.17335213708828692,
        "count": 900,
        "min": 0.0,
        "max": 1.0
      }
    }
  },
  "predictionguard/arabic_acl_corpus_test": {
    "dataset": "predictionguard/arabic_acl_corpus",
    "split": "test",
    "language_columns": [
      "eg_text",
      "en_text",
      "jo_text",
      "msa_text",
      "pa_text",
      "sy_text",
      "tn_text"
    ],
    "similarities": {
      "eg_text_vs_en_text": {
        "mean": 0.0009116359172218344,
        "std": 0.0036808589027225503,
        "count": 100,
        "min": 0.0,
        "max": 0.0196078431372549
      },
      "eg_text_vs_jo_text": {
        "mean": 0.5208480955701187,
        "std": 0.1918952618185014,
        "count": 100,
        "min": 0.0967741935483871,
        "max": 1.0
      },
      "eg_text_vs_msa_text": {
        "mean": 0.48666413690249277,
        "std": 0.24042076002922125,
        "count": 100,
        "min": 0.10638297872340426,
        "max": 1.0
      },
      "eg_text_vs_pa_text": {
        "mean": 0.5123608631724001,
        "std": 0.20911422195282625,
        "count": 99,
        "min": 0.0196078431372549,
        "max": 1.0
      },
      "eg_text_vs_sy_text": {
        "mean": 0.5479734812349057,
        "std": 0.18549826679509696,
        "count": 100,