{"BLEU Score": 4.456882760699063, "Normalized BLEU Score": 0.04456882760699063, "chrF Score": 27.28200105385706, "CHRF++ Score": 23.18115104272742}