{"BLEU Score": 4.02724819242185, "Normalized BLEU Score": 0.0402724819242185, "chrF Score": 26.536597810303448, "CHRF++ Score": 22.511234333986167}