{"BLEU Score": 5.522397783539471, "Normalized BLEU Score": 0.05522397783539471, "chrF Score": 19.99414791342293, "CHRF++ Score": 16.595098991559816}