{"BLEU Score": 4.016138436407654, "Normalized BLEU Score": 0.04016138436407654, "chrF Score": 26.061930364538483, "CHRF++ Score": 21.973133018816718}