{"BLEU Score": 6.742555929751843, "Normalized BLEU Score": 0.06742555929751842, "chrF Score": 30.24711045080047, "CHRF++ Score": 25.678488730256312}