{"BLEU Score": 6.27465531099474, "Normalized BLEU Score": 0.06274655310994741, "chrF Score": 21.470148378856805, "CHRF++ Score": 17.996981740093634}