{
  "bleu": 0.21846094230688465,
  "chrf": 9.388155759651024,
  "chrf++": 7.999421018083678,
  "num_samples": 205,
  "successful": 205,
  "failed": 0,
  "inference_time": 245.14102840423584,
  "config": {
    "model": "Unbabel/TowerInstruct-7B-v0.2",
    "source": "eng",
    "target": "gom",
    "num_examples": 4,
    "pivot": "NONE (direct translation)",
    "batch_size": 8
  }
}