{"BLEU Score": 5.865587580131999, "Normalized BLEU Score": 0.05865587580131999, "chrF Score": 25.26632851743627, "CHRF++ Score": 21.928529508700294}