{"BLEU Score": 5.300156689756295, "Normalized BLEU Score": 0.05300156689756295, "chrF Score": 28.0705988020257, "CHRF++ Score": 23.779529521800995}