{"BLEU Score": 4.789232204309912, "Normalized BLEU Score": 0.04789232204309912, "chrF Score": 20.496864278376865, "CHRF++ Score": 17.127115196379712}