{"BLEU Score": 4.456882760699063, "Normalized BLEU Score": 0.04456882760699063, "chrF Score": 26.80775878814113, "CHRF++ Score": 22.7259671312968}