{"BLEU Score": 5.522397783539471, "Normalized BLEU Score": 0.05522397783539471, "chrF Score": 20.97856137105232, "CHRF++ Score": 17.57323925573406}