{"BLEU Score": 4.368583925857938, "Normalized BLEU Score": 0.04368583925857938, "chrF Score": 26.78048834315996, "CHRF++ Score": 22.605206865938953}