{"BLEU Score": 3.168429634207702, "Normalized BLEU Score": 0.03168429634207702, "chrF Score": 17.81755308824787, "CHRF++ Score": 14.830687659731787}